id,risk,center_x,center_y,lon,lat,fid,real_id
1,3.0,0.0,12000.0,-8.016,41.242,1,1
2,3.0,0.0,11500.0,-8.016,41.237,2,2
3,5.0,0.0,11000.0,-8.016,41.233,3,3
4,5.0,0.0,10500.0,-8.016,41.228,4,4
5,4.0,0.0,10000.0,-8.016,41.224,5,5
6,3.0,0.0,9500.0,-8.016,41.219,6,6
7,5.0,0.0,9000.0,-8.016,41.215,7,7
8,5.0,0.0,8500.0,-8.016,41.21,8,8
9,5.0,0.0,8000.0,-8.016,41.206,9,9
10,5.0,0.0,7500.0,-8.016,41.201,10,10
11,5.0,0.0,7000.0,-8.016,41.197,11,11
12,5.0,0.0,6500.0,-8.016,41.192,12,12
13,5.0,0.0,6000.0,-8.016,41.188,13,13
14,4.0,0.0,5500.0,-8.016,41.183,14,14
15,3.0,0.0,5000.0,-8.016,41.179,15,15
16,2.0,0.0,4500.0,-8.016,41.174,16,16
17,3.0,0.0,4000.0,-8.016,41.17,17,17
18,4.0,0.0,3500.0,-8.016,41.165,18,18
19,3.0,0.0,3000.0,-8.016,41.161,19,19
20,4.0,0.0,2500.0,-8.016,41.156,20,20
21,4.0,0.0,2000.0,-8.016,41.152,21,21
22,3.0,0.0,1500.0,-8.016,41.147,22,22
23,5.0,0.0,1000.0,-8.016,41.143,23,23
24,4.0,0.0,500.0,-8.016,41.138,24,24
25,5.0,0.0,0.0,-8.016,41.134,25,25
26,3.0,500.0,12000.0,-8.01,41.242,26,26
27,4.0,500.0,11500.0,-8.01,41.237,27,27
28,3.0,500.0,11000.0,-8.01,41.233,28,28
29,5.0,500.0,10500.0,-8.01,41.228,29,29
30,5.0,500.0,10000.0,-8.01,41.224,30,30
31,5.0,500.0,9500.0,-8.01,41.219,31,31
32,5.0,500.0,9000.0,-8.01,41.215,32,32
33,5.0,500.0,8500.0,-8.01,41.21,33,33
34,5.0,500.0,8000.0,-8.01,41.206,34,34
35,5.0,500.0,7500.0,-8.01,41.201,35,35
36,4.0,500.0,7000.0,-8.01,41.197,36,36
37,3.0,500.0,6500.0,-8.01,41.192,37,37
38,3.0,500.0,6000.0,-8.01,41.188,38,38
39,3.0,500.0,5500.0,-8.01,41.183,39,39
40,3.0,500.0,5000.0,-8.01,41.179,40,40
41,3.0,500.0,4500.0,-8.01,41.174,41,41
42,4.0,500.0,4000.0,-8.01,41.17,42,42
43,5.0,500.0,3500.0,-8.01,41.165,43,43
44,4.0,500.0,3000.0,-8.01,41.161,44,44
45,5.0,500.0,2500.0,-8.01,41.156,45,45
46,5.0,500.0,2000.0,-8.01,41.152,46,46
47,5.0,500.0,1500.0,-8.01,41.147,47,47
48,5.0,500.0,1000.0,-8.01,41.143,48,48
49,5.0,500.0,500.0,-8.01,41.138,49,49
50,4.0,500.0,0.0,-8.01,41.134,50,50
51,5.0,1000.0,12000.0,-8.004,41.242,51,51
52,4.0,1000.0,11500.0,-8.004,41.237,52,52
53,4.0,1000.0,11000.0,-8.004,41.233,53,53
54,4.0,1000.0,10500.0,-8.004,41.228,54,54
55,4.0,1000.0,10000.0,-8.004,41.224,55,55
56,4.0,1000.0,9500.0,-8.004,41.219,56,56
57,3.0,1000.0,9000.0,-8.004,41.215,57,57
58,5.0,1000.0,8500.0,-8.004,41.21,58,58
59,5.0,1000.0,8000.0,-8.004,41.206,59,59
60,5.0,1000.0,7500.0,-8.004,41.201,60,60
61,5.0,1000.0,7000.0,-8.004,41.197,61,61
62,,1000.0,6500.0,-8.004,41.192,62,62
63,4.0,1000.0,6000.0,-8.004,41.188,63,63
64,4.0,1000.0,5500.0,-8.004,41.183,64,64
65,3.0,1000.0,5000.0,-8.004,41.179,65,65
66,5.0,1000.0,4500.0,-8.004,41.174,66,66
67,5.0,1000.0,4000.0,-8.004,41.17,67,67
68,5.0,1000.0,3500.0,-8.004,41.165,68,68
69,5.0,1000.0,3000.0,-8.004,41.161,69,69
70,5.0,1000.0,2500.0,-8.004,41.156,70,70
71,5.0,1000.0,2000.0,-8.004,41.152,71,71
72,5.0,1000.0,1500.0,-8.004,41.147,72,72
73,5.0,1000.0,1000.0,-8.004,41.143,73,73
74,4.0,1000.0,500.0,-8.004,41.138,74,74
75,4.0,1000.0,0.0,-8.004,41.134,75,75
76,2.0,1500.0,12000.0,-7.998,41.242,76,76
77,4.0,1500.0,11500.0,-7.998,41.237,77,77
78,4.0,1500.0,11000.0,-7.998,41.233,78,78
79,4.0,1500.0,10500.0,-7.998,41.228,79,79
80,3.0,1500.0,10000.0,-7.998,41.224,80,80
81,4.0,1500.0,9500.0,-7.998,41.219,81,81
82,4.0,1500.0,9000.0,-7.998,41.215,82,82
83,5.0,1500.0,8500.0,-7.998,41.21,83,83
84,5.0,1500.0,8000.0,-7.998,41.206,84,84
85,4.0,1500.0,7500.0,-7.998,41.201,85,85
86,4.0,1500.0,7000.0,-7.998,41.197,86,86
87,3.0,1500.0,6500.0,-7.998,41.192,87,87
88,4.0,1500.0,6000.0,-7.998,41.188,88,88
89,4.0,1500.0,5500.0,-7.998,41.183,89,89
90,3.0,1500.0,5000.0,-7.998,41.179,90,90
91,5.0,1500.0,4500.0,-7.998,41.174,91,91
92,5.0,1500.0,4000.0,-7.998,41.17,92,92
93,5.0,1500.0,3500.0,-7.998,41.165,93,93
94,5.0,1500.0,3000.0,-7.998,41.161,94,94
95,5.0,1500.0,2500.0,-7.998,41.156,95,95
96,5.0,1500.0,2000.0,-7.998,41.152,96,96
97,5.0,1500.0,1500.0,-7.998,41.147,97,97
98,4.0,1500.0,1000.0,-7.998,41.143,98,98
99,5.0,1500.0,500.0,-7.998,41.138,99,99
100,4.0,1500.0,0.0,-7.998,41.134,100,100
101,,2000.0,12000.0,-7.992,41.242,101,101
102,4.0,2000.0,11500.0,-7.992,41.237,102,102
103,4.0,2000.0,11000.0,-7.992,41.233,103,103
104,4.0,2000.0,10500.0,-7.992,41.228,104,104
105,4.0,2000.0,10000.0,-7.992,41.224,105,105
106,4.0,2000.0,9500.0,-7.992,41.219,106,106
107,4.0,2000.0,9000.0,-7.992,41.215,107,107
108,5.0,2000.0,8500.0,-7.992,41.21,108,108
109,5.0,2000.0,8000.0,-7.992,41.206,109,109
110,4.0,2000.0,7500.0,-7.992,41.201,110,110
111,3.0,2000.0,7000.0,-7.992,41.197,111,111
112,4.0,2000.0,6500.0,-7.992,41.192,112,112
113,4.0,2000.0,6000.0,-7.992,41.188,113,113
114,5.0,2000.0,5500.0,-7.992,41.183,114,114
115,5.0,2000.0,5000.0,-7.992,41.179,115,115
116,5.0,2000.0,4500.0,-7.992,41.174,116,116
117,5.0,2000.0,4000.0,-7.992,41.17,117,117
118,5.0,2000.0,3500.0,-7.992,41.165,118,118
119,5.0,2000.0,3000.0,-7.992,41.161,119,119
120,5.0,2000.0,2500.0,-7.992,41.156,120,120
121,5.0,2000.0,2000.0,-7.992,41.152,121,121
122,4.0,2000.0,1500.0,-7.992,41.147,122,122
123,4.0,2000.0,1000.0,-7.992,41.143,123,123
124,5.0,2000.0,500.0,-7.992,41.138,124,124
125,3.0,2000.0,0.0,-7.992,41.134,125,125
126,5.0,2500.0,12000.0,-7.986,41.242,126,126
127,3.0,2500.0,11500.0,-7.986,41.237,127,127
128,4.0,2500.0,11000.0,-7.986,41.233,128,128
129,5.0,2500.0,10500.0,-7.986,41.228,129,129
130,4.0,2500.0,10000.0,-7.986,41.224,130,130
131,4.0,2500.0,9500.0,-7.986,41.219,131,131
132,4.0,2500.0,9000.0,-7.986,41.215,132,132
133,5.0,2500.0,8500.0,-7.986,41.21,133,133
134,5.0,2500.0,8000.0,-7.986,41.206,134,134
135,5.0,2500.0,7500.0,-7.986,41.201,135,135
136,4.0,2500.0,7000.0,-7.986,41.197,136,136
137,3.0,2500.0,6500.0,-7.986,41.192,137,137
138,5.0,2500.0,6000.0,-7.986,41.188,138,138
139,5.0,2500.0,5500.0,-7.986,41.183,139,139
140,5.0,2500.0,5000.0,-7.986,41.179,140,140
141,5.0,2500.0,4500.0,-7.986,41.174,141,141
142,5.0,2500.0,4000.0,-7.986,41.17,142,142
143,5.0,2500.0,3500.0,-7.986,41.165,143,143
144,5.0,2500.0,3000.0,-7.986,41.161,144,144
145,5.0,2500.0,2500.0,-7.986,41.156,145,145
146,5.0,2500.0,2000.0,-7.986,41.152,146,146
147,3.0,2500.0,1500.0,-7.986,41.147,147,147
148,3.0,2500.0,1000.0,-7.986,41.143,148,148
149,3.0,2500.0,500.0,-7.986,41.138,149,149
150,4.0,2500.0,0.0,-7.986,41.134,150,150
151,5.0,3000.0,12000.0,-7.98,41.242,151,151
152,5.0,3000.0,11500.0,-7.98,41.237,152,152
153,5.0,3000.0,11000.0,-7.98,41.233,153,153
154,5.0,3000.0,10500.0,-7.98,41.228,154,154
155,5.0,3000.0,10000.0,-7.98,41.224,155,155
156,4.0,3000.0,9500.0,-7.98,41.219,156,156
157,3.0,3000.0,9000.0,-7.98,41.215,157,157
158,5.0,3000.0,8500.0,-7.98,41.21,158,158
159,4.0,3000.0,8000.0,-7.98,41.206,159,159
160,5.0,3000.0,7500.0,-7.98,41.201,160,160
161,3.0,3000.0,7000.0,-7.98,41.197,161,161
162,,3000.0,6500.0,-7.98,41.192,162,162
163,4.0,3000.0,6000.0,-7.98,41.188,163,163
164,5.0,3000.0,5500.0,-7.98,41.183,164,164
165,5.0,3000.0,5000.0,-7.98,41.179,165,165
166,5.0,3000.0,4500.0,-7.98,41.174,166,166
167,5.0,3000.0,4000.0,-7.98,41.17,167,167
168,5.0,3000.0,3500.0,-7.98,41.165,168,168
169,5.0,3000.0,3000.0,-7.98,41.161,169,169
170,5.0,3000.0,2500.0,-7.98,41.156,170,170
171,3.0,3000.0,2000.0,-7.98,41.152,171,171
172,3.0,3000.0,1500.0,-7.98,41.147,172,172
173,4.0,3000.0,1000.0,-7.98,41.143,173,173
174,4.0,3000.0,500.0,-7.98,41.138,174,174
175,5.0,3000.0,0.0,-7.98,41.134,175,175
176,5.0,3500.0,12000.0,-7.974,41.242,176,176
177,5.0,3500.0,11500.0,-7.974,41.237,177,177
178,5.0,3500.0,11000.0,-7.974,41.233,178,178
179,5.0,3500.0,10500.0,-7.974,41.228,179,179
180,4.0,3500.0,10000.0,-7.974,41.224,180,180
181,3.0,3500.0,9500.0,-7.974,41.219,181,181
182,4.0,3500.0,9000.0,-7.974,41.215,182,182
183,5.0,3500.0,8500.0,-7.974,41.21,183,183
184,5.0,3500.0,8000.0,-7.974,41.206,184,184
185,3.0,3500.0,7500.0,-7.974,41.201,185,185
186,3.0,3500.0,7000.0,-7.974,41.197,186,186
187,5.0,3500.0,6500.0,-7.974,41.192,187,187
188,4.0,3500.0,6000.0,-7.974,41.188,188,188
189,5.0,3500.0,5500.0,-7.974,41.183,189,189
190,5.0,3500.0,5000.0,-7.974,41.179,190,190
191,5.0,3500.0,4500.0,-7.974,41.174,191,191
192,5.0,3500.0,4000.0,-7.974,41.17,192,192
193,5.0,3500.0,3500.0,-7.974,41.165,193,193
194,5.0,3500.0,3000.0,-7.974,41.161,194,194
195,4.0,3500.0,2500.0,-7.974,41.156,195,195
196,5.0,3500.0,2000.0,-7.974,41.152,196,196
197,5.0,3500.0,1500.0,-7.974,41.147,197,197
198,5.0,3500.0,1000.0,-7.974,41.143,198,198
199,5.0,3500.0,500.0,-7.974,41.138,199,199
200,5.0,3500.0,0.0,-7.974,41.134,200,200
201,5.0,4000.0,12000.0,-7.968,41.242,201,201
202,5.0,4000.0,11500.0,-7.968,41.237,202,202
203,5.0,4000.0,11000.0,-7.968,41.233,203,203
204,5.0,4000.0,10500.0,-7.968,41.228,204,204
205,5.0,4000.0,10000.0,-7.968,41.224,205,205
206,4.0,4000.0,9500.0,-7.968,41.219,206,206
207,3.0,4000.0,9000.0,-7.968,41.215,207,207
208,4.0,4000.0,8500.0,-7.968,41.21,208,208
209,5.0,4000.0,8000.0,-7.968,41.206,209,209
210,,4000.0,7500.0,-7.968,41.201,210,210
211,3.0,4000.0,7000.0,-7.968,41.197,211,211
212,4.0,4000.0,6500.0,-7.968,41.192,212,212
213,5.0,4000.0,6000.0,-7.968,41.188,213,213
214,5.0,4000.0,5500.0,-7.968,41.183,214,214
215,5.0,4000.0,5000.0,-7.968,41.179,215,215
216,5.0,4000.0,4500.0,-7.968,41.174,216,216
217,3.0,4000.0,4000.0,-7.968,41.17,217,217
218,5.0,4000.0,3500.0,-7.968,41.165,218,218
219,5.0,4000.0,3000.0,-7.968,41.161,219,219
220,5.0,4000.0,2500.0,-7.968,41.156,220,220
221,5.0,4000.0,2000.0,-7.968,41.152,221,221
222,5.0,4000.0,1500.0,-7.968,41.147,222,222
223,5.0,4000.0,1000.0,-7.968,41.143,223,223
224,4.0,4000.0,500.0,-7.968,41.138,224,224
225,5.0,4000.0,0.0,-7.968,41.134,225,225
226,4.0,4500.0,12000.0,-7.962,41.242,226,226
227,5.0,4500.0,11500.0,-7.962,41.237,227,227
228,5.0,4500.0,11000.0,-7.962,41.233,228,228
229,5.0,4500.0,10500.0,-7.962,41.228,229,229
230,5.0,4500.0,10000.0,-7.962,41.224,230,230
231,4.0,4500.0,9500.0,-7.962,41.219,231,231
232,4.0,4500.0,9000.0,-7.962,41.215,232,232
233,4.0,4500.0,8500.0,-7.962,41.21,233,233
234,3.0,4500.0,8000.0,-7.962,41.206,234,234
235,5.0,4500.0,7500.0,-7.962,41.201,235,235
236,3.0,4500.0,7000.0,-7.962,41.197,236,236
237,5.0,4500.0,6500.0,-7.962,41.192,237,237
238,5.0,4500.0,6000.0,-7.962,41.188,238,238
239,5.0,4500.0,5500.0,-7.962,41.183,239,239
240,5.0,4500.0,5000.0,-7.962,41.179,240,240
241,,4500.0,4500.0,-7.962,41.174,241,241
242,3.0,4500.0,4000.0,-7.962,41.17,242,242
243,3.0,4500.0,3500.0,-7.962,41.165,243,243
244,5.0,4500.0,3000.0,-7.962,41.161,244,244
245,5.0,4500.0,2500.0,-7.962,41.156,245,245
246,3.0,4500.0,2000.0,-7.962,41.152,246,246
247,3.0,4500.0,1500.0,-7.962,41.147,247,247
248,3.0,4500.0,1000.0,-7.963,41.143,248,248
249,5.0,4500.0,500.0,-7.963,41.138,249,249
250,4.0,4500.0,0.0,-7.963,41.134,250,250
251,5.0,5000.0,12000.0,-7.956,41.242,251,251
252,5.0,5000.0,11500.0,-7.956,41.237,252,252
253,5.0,5000.0,11000.0,-7.956,41.233,253,253
254,5.0,5000.0,10500.0,-7.956,41.228,254,254
255,5.0,5000.0,10000.0,-7.956,41.224,255,255
256,4.0,5000.0,9500.0,-7.956,41.219,256,256
257,5.0,5000.0,9000.0,-7.956,41.215,257,257
258,4.0,5000.0,8500.0,-7.956,41.21,258,258
259,5.0,5000.0,8000.0,-7.956,41.206,259,259
260,5.0,5000.0,7500.0,-7.956,41.201,260,260
261,5.0,5000.0,7000.0,-7.956,41.197,261,261
262,5.0,5000.0,6500.0,-7.956,41.192,262,262
263,5.0,5000.0,6000.0,-7.956,41.188,263,263
264,5.0,5000.0,5500.0,-7.956,41.183,264,264
265,4.0,5000.0,5000.0,-7.956,41.179,265,265
266,3.0,5000.0,4500.0,-7.956,41.174,266,266
267,3.0,5000.0,4000.0,-7.956,41.17,267,267
268,5.0,5000.0,3500.0,-7.956,41.165,268,268
269,5.0,5000.0,3000.0,-7.957,41.161,269,269
270,4.0,5000.0,2500.0,-7.957,41.156,270,270
271,3.0,5000.0,2000.0,-7.957,41.152,271,271
272,4.0,5000.0,1500.0,-7.957,41.147,272,272
273,3.0,5000.0,1000.0,-7.957,41.143,273,273
274,5.0,5000.0,500.0,-7.957,41.138,274,274
275,4.0,5000.0,0.0,-7.957,41.134,275,275
276,4.0,5500.0,12000.0,-7.95,41.242,276,276
277,5.0,5500.0,11500.0,-7.95,41.237,277,277
278,5.0,5500.0,11000.0,-7.95,41.233,278,278
279,4.0,5500.0,10500.0,-7.95,41.228,279,279
280,5.0,5500.0,10000.0,-7.95,41.224,280,280
281,5.0,5500.0,9500.0,-7.95,41.219,281,281
282,5.0,5500.0,9000.0,-7.95,41.215,282,282
283,5.0,5500.0,8500.0,-7.95,41.21,283,283
284,5.0,5500.0,8000.0,-7.95,41.206,284,284
285,5.0,5500.0,7500.0,-7.95,41.201,285,285
286,5.0,5500.0,7000.0,-7.95,41.197,286,286
287,5.0,5500.0,6500.0,-7.95,41.192,287,287
288,5.0,5500.0,6000.0,-7.95,41.188,288,288
289,5.0,5500.0,5500.0,-7.95,41.183,289,289
290,5.0,5500.0,5000.0,-7.95,41.179,290,290
291,3.0,5500.0,4500.0,-7.951,41.174,291,291
292,3.0,5500.0,4000.0,-7.951,41.17,292,292
293,4.0,5500.0,3500.0,-7.951,41.165,293,293
294,3.0,5500.0,3000.0,-7.951,41.161,294,294
295,3.0,5500.0,2500.0,-7.951,41.156,295,295
296,4.0,5500.0,2000.0,-7.951,41.152,296,296
297,3.0,5500.0,1500.0,-7.951,41.147,297,297
298,3.0,5500.0,1000.0,-7.951,41.143,298,298
299,4.0,5500.0,500.0,-7.951,41.138,299,299
300,3.0,5500.0,0.0,-7.951,41.134,300,300
301,4.0,6000.0,12000.0,-7.944,41.242,301,301
302,4.0,6000.0,11500.0,-7.944,41.237,302,302
303,3.0,6000.0,11000.0,-7.944,41.233,303,303
304,4.0,6000.0,10500.0,-7.944,41.228,304,304
305,5.0,6000.0,10000.0,-7.944,41.224,305,305
306,5.0,6000.0,9500.0,-7.944,41.219,306,306
307,5.0,6000.0,9000.0,-7.944,41.215,307,307
308,5.0,6000.0,8500.0,-7.944,41.21,308,308
309,5.0,6000.0,8000.0,-7.944,41.206,309,309
310,5.0,6000.0,7500.0,-7.944,41.201,310,310
311,4.0,6000.0,7000.0,-7.944,41.197,311,311
312,5.0,6000.0,6500.0,-7.944,41.192,312,312
313,5.0,6000.0,6000.0,-7.945,41.188,313,313
314,5.0,6000.0,5500.0,-7.945,41.183,314,314
315,5.0,6000.0,5000.0,-7.945,41.179,315,315
316,5.0,6000.0,4500.0,-7.945,41.174,316,316
317,5.0,6000.0,4000.0,-7.945,41.17,317,317
318,5.0,6000.0,3500.0,-7.945,41.165,318,318
319,3.0,6000.0,3000.0,-7.945,41.161,319,319
320,,6000.0,2500.0,-7.945,41.156,320,320
321,3.0,6000.0,2000.0,-7.945,41.152,321,321
322,3.0,6000.0,1500.0,-7.945,41.147,322,322
323,3.0,6000.0,1000.0,-7.945,41.143,323,323
324,3.0,6000.0,500.0,-7.945,41.138,324,324
325,,6000.0,0.0,-7.945,41.134,325,325
326,4.0,6500.0,12000.0,-7.938,41.242,326,326
327,4.0,6500.0,11500.0,-7.938,41.237,327,327
328,3.0,6500.0,11000.0,-7.938,41.233,328,328
329,,6500.0,10500.0,-7.938,41.228,329,329
330,3.0,6500.0,10000.0,-7.938,41.224,330,330
331,5.0,6500.0,9500.0,-7.938,41.219,331,331
332,5.0,6500.0,9000.0,-7.938,41.215,332,332
333,5.0,6500.0,8500.0,-7.938,41.21,333,333
334,5.0,6500.0,8000.0,-7.938,41.206,334,334
335,5.0,6500.0,7500.0,-7.939,41.201,335,335
336,3.0,6500.0,7000.0,-7.939,41.197,336,336
337,4.0,6500.0,6500.0,-7.939,41.192,337,337
338,3.0,6500.0,6000.0,-7.939,41.188,338,338
339,5.0,6500.0,5500.0,-7.939,41.183,339,339
340,3.0,6500.0,5000.0,-7.939,41.179,340,340
341,4.0,6500.0,4500.0,-7.939,41.174,341,341
342,5.0,6500.0,4000.0,-7.939,41.17,342,342
343,5.0,6500.0,3500.0,-7.939,41.165,343,343
344,5.0,6500.0,3000.0,-7.939,41.161,344,344
345,3.0,6500.0,2500.0,-7.939,41.156,345,345
346,2.0,6500.0,2000.0,-7.939,41.152,346,346
347,,6500.0,1500.0,-7.939,41.147,347,347
348,4.0,6500.0,1000.0,-7.939,41.143,348,348
349,3.0,6500.0,500.0,-7.939,41.138,349,349
350,2.0,6500.0,0.0,-7.939,41.134,350,350
351,4.0,7000.0,12000.0,-7.932,41.242,351,351
352,4.0,7000.0,11500.0,-7.932,41.237,352,352
353,4.0,7000.0,11000.0,-7.932,41.233,353,353
354,3.0,7000.0,10500.0,-7.932,41.228,354,354
355,5.0,7000.0,10000.0,-7.932,41.224,355,355
356,5.0,7000.0,9500.0,-7.932,41.219,356,356
357,5.0,7000.0,9000.0,-7.933,41.215,357,357
358,5.0,7000.0,8500.0,-7.933,41.21,358,358
359,5.0,7000.0,8000.0,-7.933,41.206,359,359
360,3.0,7000.0,7500.0,-7.933,41.201,360,360
361,3.0,7000.0,7000.0,-7.933,41.197,361,361
362,4.0,7000.0,6500.0,-7.933,41.192,362,362
363,4.0,7000.0,6000.0,-7.933,41.188,363,363
364,5.0,7000.0,5500.0,-7.933,41.183,364,364
365,4.0,7000.0,5000.0,-7.933,41.179,365,365
366,2.0,7000.0,4500.0,-7.933,41.174,366,366
367,2.0,7000.0,4000.0,-7.933,41.17,367,367
368,,7000.0,3500.0,-7.933,41.165,368,368
369,3.0,7000.0,3000.0,-7.933,41.161,369,369
370,3.0,7000.0,2500.0,-7.933,41.156,370,370
371,3.0,7000.0,2000.0,-7.933,41.152,371,371
372,3.0,7000.0,1500.0,-7.933,41.147,372,372
373,3.0,7000.0,1000.0,-7.933,41.143,373,373
374,,7000.0,500.0,-7.933,41.138,374,374
375,4.0,7000.0,0.0,-7.933,41.134,375,375
376,4.0,7500.0,12000.0,-7.926,41.242,376,376
377,5.0,7500.0,11500.0,-7.926,41.237,377,377
378,5.0,7500.0,11000.0,-7.926,41.233,378,378
379,5.0,7500.0,10500.0,-7.927,41.228,379,379
380,5.0,7500.0,10000.0,-7.927,41.224,380,380
381,5.0,7500.0,9500.0,-7.927,41.219,381,381
382,5.0,7500.0,9000.0,-7.927,41.215,382,382
383,4.0,7500.0,8500.0,-7.927,41.21,383,383
384,4.0,7500.0,8000.0,-7.927,41.206,384,384
385,3.0,7500.0,7500.0,-7.927,41.201,385,385
386,3.0,7500.0,7000.0,-7.927,41.197,386,386
387,4.0,7500.0,6500.0,-7.927,41.192,387,387
388,5.0,7500.0,6000.0,-7.927,41.188,388,388
389,3.0,7500.0,5500.0,-7.927,41.183,389,389
390,5.0,7500.0,5000.0,-7.927,41.179,390,390
391,3.0,7500.0,4500.0,-7.927,41.174,391,391
392,,7500.0,4000.0,-7.927,41.17,392,392
393,3.0,7500.0,3500.0,-7.927,41.165,393,393
394,3.0,7500.0,3000.0,-7.927,41.161,394,394
395,5.0,7500.0,2500.0,-7.927,41.156,395,395
396,3.0,7500.0,2000.0,-7.927,41.152,396,396
397,3.0,7500.0,1500.0,-7.927,41.147,397,397
398,5.0,7500.0,1000.0,-7.927,41.143,398,398
399,3.0,7500.0,500.0,-7.927,41.138,399,399
400,2.0,7500.0,0.0,-7.927,41.134,400,400
401,5.0,8000.0,12000.0,-7.92,41.242,401,401
402,4.0,8000.0,11500.0,-7.921,41.237,402,402
403,5.0,8000.0,11000.0,-7.921,41.233,403,403
404,5.0,8000.0,10500.0,-7.921,41.228,404,404
405,5.0,8000.0,10000.0,-7.921,41.224,405,405
406,5.0,8000.0,9500.0,-7.921,41.219,406,406
407,4.0,8000.0,9000.0,-7.921,41.215,407,407
408,5.0,8000.0,8500.0,-7.921,41.21,408,408
409,4.0,8000.0,8000.0,-7.921,41.206,409,409
410,3.0,8000.0,7500.0,-7.921,41.201,410,410
411,3.0,8000.0,7000.0,-7.921,41.197,411,411
412,,8000.0,6500.0,-7.921,41.192,412,412
413,4.0,8000.0,6000.0,-7.921,41.188,413,413
414,4.0,8000.0,5500.0,-7.921,41.183,414,414
415,5.0,8000.0,5000.0,-7.921,41.179,415,415
416,5.0,8000.0,4500.0,-7.921,41.174,416,416
417,4.0,8000.0,4000.0,-7.921,41.17,417,417
418,4.0,8000.0,3500.0,-7.921,41.165,418,418
419,5.0,8000.0,3000.0,-7.921,41.161,419,419
420,5.0,8000.0,2500.0,-7.921,41.156,420,420
421,3.0,8000.0,2000.0,-7.921,41.152,421,421
422,3.0,8000.0,1500.0,-7.921,41.147,422,422
423,1.0,8000.0,1000.0,-7.921,41.143,423,423
424,5.0,8000.0,500.0,-7.921,41.138,424,424
425,5.0,8000.0,0.0,-7.921,41.134,425,425
426,5.0,8500.0,12000.0,-7.915,41.242,426,426
427,5.0,8500.0,11500.0,-7.915,41.237,427,427
428,5.0,8500.0,11000.0,-7.915,41.233,428,428
429,5.0,8500.0,10500.0,-7.915,41.228,429,429
430,5.0,8500.0,10000.0,-7.915,41.224,430,430
431,5.0,8500.0,9500.0,-7.915,41.219,431,431
432,5.0,8500.0,9000.0,-7.915,41.215,432,432
433,5.0,8500.0,8500.0,-7.915,41.21,433,433
434,5.0,8500.0,8000.0,-7.915,41.206,434,434
435,4.0,8500.0,7500.0,-7.915,41.201,435,435
436,5.0,8500.0,7000.0,-7.915,41.197,436,436
437,4.0,8500.0,6500.0,-7.915,41.192,437,437
438,4.0,8500.0,6000.0,-7.915,41.188,438,438
439,3.0,8500.0,5500.0,-7.915,41.183,439,439
440,4.0,8500.0,5000.0,-7.915,41.179,440,440
441,5.0,8500.0,4500.0,-7.915,41.174,441,441
442,5.0,8500.0,4000.0,-7.915,41.17,442,442
443,3.0,8500.0,3500.0,-7.915,41.165,443,443
444,5.0,8500.0,3000.0,-7.915,41.161,444,444
445,3.0,8500.0,2500.0,-7.915,41.156,445,445
446,3.0,8500.0,2000.0,-7.915,41.152,446,446
447,2.0,8500.0,1500.0,-7.915,41.147,447,447
448,3.0,8500.0,1000.0,-7.915,41.143,448,448
449,4.0,8500.0,500.0,-7.915,41.138,449,449
450,5.0,8500.0,0.0,-7.915,41.134,450,450
451,5.0,9000.0,12000.0,-7.909,41.242,451,451
452,5.0,9000.0,11500.0,-7.909,41.237,452,452
453,5.0,9000.0,11000.0,-7.909,41.233,453,453
454,5.0,9000.0,10500.0,-7.909,41.228,454,454
455,4.0,9000.0,10000.0,-7.909,41.224,455,455
456,4.0,9000.0,9500.0,-7.909,41.219,456,456
457,5.0,9000.0,9000.0,-7.909,41.215,457,457
458,5.0,9000.0,8500.0,-7.909,41.21,458,458
459,5.0,9000.0,8000.0,-7.909,41.206,459,459
460,5.0,9000.0,7500.0,-7.909,41.201,460,460
461,5.0,9000.0,7000.0,-7.909,41.197,461,461
462,5.0,9000.0,6500.0,-7.909,41.192,462,462
463,5.0,9000.0,6000.0,-7.909,41.188,463,463
464,3.0,9000.0,5500.0,-7.909,41.183,464,464
465,3.0,9000.0,5000.0,-7.909,41.179,465,465
466,4.0,9000.0,4500.0,-7.909,41.174,466,466
467,4.0,9000.0,4000.0,-7.909,41.17,467,467
468,5.0,9000.0,3500.0,-7.909,41.165,468,468
469,5.0,9000.0,3000.0,-7.909,41.161,469,469
470,4.0,9000.0,2500.0,-7.909,41.156,470,470
471,2.0,9000.0,2000.0,-7.909,41.152,471,471
472,5.0,9000.0,1500.0,-7.909,41.147,472,472
473,4.0,9000.0,1000.0,-7.909,41.143,473,473
474,5.0,9000.0,500.0,-7.909,41.138,474,474
475,5.0,9000.0,0.0,-7.909,41.134,475,475
476,5.0,9500.0,12000.0,-7.903,41.242,476,476
477,5.0,9500.0,11500.0,-7.903,41.237,477,477
478,5.0,9500.0,11000.0,-7.903,41.233,478,478
479,5.0,9500.0,10500.0,-7.903,41.228,479,479
480,5.0,9500.0,10000.0,-7.903,41.224,480,480
481,3.0,9500.0,9500.0,-7.903,41.219,481,481
482,5.0,9500.0,9000.0,-7.903,41.215,482,482
483,5.0,9500.0,8500.0,-7.903,41.21,483,483
484,5.0,9500.0,8000.0,-7.903,41.206,484,484
485,5.0,9500.0,7500.0,-7.903,41.201,485,485
486,5.0,9500.0,7000.0,-7.903,41.197,486,486
487,5.0,9500.0,6500.0,-7.903,41.192,487,487
488,3.0,9500.0,6000.0,-7.903,41.188,488,488
489,3.0,9500.0,5500.0,-7.903,41.183,489,489
490,3.0,9500.0,5000.0,-7.903,41.179,490,490
491,4.0,9500.0,4500.0,-7.903,41.174,491,491
492,5.0,9500.0,4000.0,-7.903,41.17,492,492
493,4.0,9500.0,3500.0,-7.903,41.165,493,493
494,5.0,9500.0,3000.0,-7.903,41.161,494,494
495,4.0,9500.0,2500.0,-7.903,41.156,495,495
496,3.0,9500.0,2000.0,-7.903,41.152,496,496
497,5.0,9500.0,1500.0,-7.903,41.147,497,497
498,3.0,9500.0,1000.0,-7.903,41.143,498,498
499,3.0,9500.0,500.0,-7.903,41.138,499,499
500,3.0,9500.0,0.0,-7.903,41.134,500,500
501,5.0,10000.0,12000.0,-7.897,41.242,501,501
502,5.0,10000.0,11500.0,-7.897,41.237,502,502
503,5.0,10000.0,11000.0,-7.897,41.233,503,503
504,5.0,10000.0,10500.0,-7.897,41.228,504,504
505,5.0,10000.0,10000.0,-7.897,41.224,505,505
506,5.0,10000.0,9500.0,-7.897,41.219,506,506
507,5.0,10000.0,9000.0,-7.897,41.215,507,507
508,5.0,10000.0,8500.0,-7.897,41.21,508,508
509,5.0,10000.0,8000.0,-7.897,41.206,509,509
510,5.0,10000.0,7500.0,-7.897,41.201,510,510
511,5.0,10000.0,7000.0,-7.897,41.197,511,511
512,3.0,10000.0,6500.0,-7.897,41.192,512,512
513,3.0,10000.0,6000.0,-7.897,41.188,513,513
514,3.0,10000.0,5500.0,-7.897,41.183,514,514
515,4.0,10000.0,5000.0,-7.897,41.179,515,515
516,3.0,10000.0,4500.0,-7.897,41.174,516,516
517,3.0,10000.0,4000.0,-7.897,41.17,517,517
518,,10000.0,3500.0,-7.897,41.165,518,518
519,3.0,10000.0,3000.0,-7.897,41.161,519,519
520,5.0,10000.0,2500.0,-7.897,41.156,520,520
521,5.0,10000.0,2000.0,-7.897,41.152,521,521
522,5.0,10000.0,1500.0,-7.897,41.147,522,522
523,3.0,10000.0,1000.0,-7.897,41.143,523,523
524,3.0,10000.0,500.0,-7.897,41.138,524,524
525,2.0,10000.0,0.0,-7.897,41.134,525,525
526,5.0,10500.0,12000.0,-7.891,41.242,526,526
527,5.0,10500.0,11500.0,-7.891,41.237,527,527
528,5.0,10500.0,11000.0,-7.891,41.233,528,528
529,5.0,10500.0,10500.0,-7.891,41.228,529,529
530,5.0,10500.0,10000.0,-7.891,41.224,530,530
531,5.0,10500.0,9500.0,-7.891,41.219,531,531
532,5.0,10500.0,9000.0,-7.891,41.215,532,532
533,5.0,10500.0,8500.0,-7.891,41.21,533,533
534,5.0,10500.0,8000.0,-7.891,41.206,534,534
535,5.0,10500.0,7500.0,-7.891,41.201,535,535
536,5.0,10500.0,7000.0,-7.891,41.197,536,536
537,5.0,10500.0,6500.0,-7.891,41.192,537,537
538,5.0,10500.0,6000.0,-7.891,41.188,538,538
539,5.0,10500.0,5500.0,-7.891,41.183,539,539
540,5.0,10500.0,5000.0,-7.891,41.179,540,540
541,4.0,10500.0,4500.0,-7.891,41.174,541,541
542,,10500.0,4000.0,-7.891,41.17,542,542
543,3.0,10500.0,3500.0,-7.891,41.165,543,543
544,,10500.0,3000.0,-7.891,41.161,544,544
545,,10500.0,2500.0,-7.891,41.156,545,545
546,3.0,10500.0,2000.0,-7.891,41.152,546,546
547,3.0,10500.0,1500.0,-7.891,41.147,547,547
548,3.0,10500.0,1000.0,-7.891,41.143,548,548
549,4.0,10500.0,500.0,-7.891,41.138,549,549
550,3.0,10500.0,0.0,-7.891,41.134,550,550
551,5.0,11000.0,12000.0,-7.885,41.242,551,551
552,5.0,11000.0,11500.0,-7.885,41.237,552,552
553,5.0,11000.0,11000.0,-7.885,41.233,553,553
554,5.0,11000.0,10500.0,-7.885,41.228,554,554
555,5.0,11000.0,10000.0,-7.885,41.224,555,555
556,5.0,11000.0,9500.0,-7.885,41.219,556,556
557,5.0,11000.0,9000.0,-7.885,41.215,557,557
558,5.0,11000.0,8500.0,-7.885,41.21,558,558
559,5.0,11000.0,8000.0,-7.885,41.206,559,559
560,5.0,11000.0,7500.0,-7.885,41.201,560,560
561,5.0,11000.0,7000.0,-7.885,41.197,561,561
562,5.0,11000.0,6500.0,-7.885,41.192,562,562
563,5.0,11000.0,6000.0,-7.885,41.188,563,563
564,5.0,11000.0,5500.0,-7.885,41.183,564,564
565,5.0,11000.0,5000.0,-7.885,41.179,565,565
566,3.0,11000.0,4500.0,-7.885,41.174,566,566
567,3.0,11000.0,4000.0,-7.885,41.17,567,567
568,3.0,11000.0,3500.0,-7.885,41.165,568,568
569,3.0,11000.0,3000.0,-7.885,41.161,569,569
570,2.0,11000.0,2500.0,-7.885,41.156,570,570
571,3.0,11000.0,2000.0,-7.885,41.152,571,571
572,3.0,11000.0,1500.0,-7.885,41.147,572,572
573,4.0,11000.0,1000.0,-7.885,41.143,573,573
574,,11000.0,500.0,-7.885,41.138,574,574
575,3.0,11000.0,0.0,-7.885,41.134,575,575
576,5.0,11500.0,12000.0,-7.879,41.242,576,576
577,5.0,11500.0,11500.0,-7.879,41.237,577,577
578,5.0,11500.0,11000.0,-7.879,41.233,578,578
579,5.0,11500.0,10500.0,-7.879,41.228,579,579
580,5.0,11500.0,10000.0,-7.879,41.224,580,580
581,5.0,11500.0,9500.0,-7.879,41.219,581,581
582,5.0,11500.0,9000.0,-7.879,41.215,582,582
583,5.0,11500.0,8500.0,-7.879,41.21,583,583
584,5.0,11500.0,8000.0,-7.879,41.206,584,584
585,5.0,11500.0,7500.0,-7.879,41.201,585,585
586,5.0,11500.0,7000.0,-7.879,41.197,586,586
587,5.0,11500.0,6500.0,-7.879,41.192,587,587
588,5.0,11500.0,6000.0,-7.879,41.188,588,588
589,5.0,11500.0,5500.0,-7.879,41.183,589,589
590,4.0,11500.0,5000.0,-7.879,41.179,590,590
591,3.0,11500.0,4500.0,-7.879,41.174,591,591
592,3.0,11500.0,4000.0,-7.879,41.17,592,592
593,3.0,11500.0,3500.0,-7.879,41.165,593,593
594,2.0,11500.0,3000.0,-7.879,41.161,594,594
595,3.0,11500.0,2500.0,-7.879,41.156,595,595
596,,11500.0,2000.0,-7.879,41.152,596,596
597,,11500.0,1500.0,-7.879,41.147,597,597
598,3.0,11500.0,1000.0,-7.879,41.143,598,598
599,3.0,11500.0,500.0,-7.879,41.138,599,599
600,3.0,11500.0,0.0,-7.879,41.134,600,600
601,5.0,12000.0,12000.0,-7.873,41.242,601,601
602,5.0,12000.0,11500.0,-7.873,41.237,602,602
603,5.0,12000.0,11000.0,-7.873,41.233,603,603
604,5.0,12000.0,10500.0,-7.873,41.228,604,604
605,5.0,12000.0,10000.0,-7.873,41.224,605,605
606,5.0,12000.0,9500.0,-7.873,41.219,606,606
607,5.0,12000.0,9000.0,-7.873,41.215,607,607
608,5.0,12000.0,8500.0,-7.873,41.21,608,608
609,5.0,12000.0,8000.0,-7.873,41.206,609,609
610,5.0,12000.0,7500.0,-7.873,41.201,610,610
611,5.0,12000.0,7000.0,-7.873,41.197,611,611
612,3.0,12000.0,6500.0,-7.873,41.192,612,612
613,4.0,12000.0,6000.0,-7.873,41.188,613,613
614,4.0,12000.0,5500.0,-7.873,41.183,614,614
615,3.0,12000.0,5000.0,-7.873,41.179,615,615
616,3.0,12000.0,4500.0,-7.873,41.174,616,616
617,3.0,12000.0,4000.0,-7.873,41.17,617,617
618,3.0,12000.0,3500.0,-7.873,41.165,618,618
619,2.0,12000.0,3000.0,-7.873,41.161,619,619
620,2.0,12000.0,2500.0,-7.873,41.156,620,620
621,2.0,12000.0,2000.0,-7.873,41.152,621,621
622,4.0,12000.0,1500.0,-7.873,41.147,622,622
623,3.0,12000.0,1000.0,-7.873,41.143,623,623
624,3.0,12000.0,500.0,-7.873,41.138,624,624
625,3.0,12000.0,0.0,-7.873,41.134,625,625
626,5.0,12500.0,12000.0,-7.867,41.242,626,626
627,5.0,12500.0,11500.0,-7.867,41.237,627,627
628,5.0,12500.0,11000.0,-7.867,41.233,628,628
629,5.0,12500.0,10500.0,-7.867,41.228,629,629
630,5.0,12500.0,10000.0,-7.867,41.224,630,630
631,5.0,12500.0,9500.0,-7.867,41.219,631,631
632,5.0,12500.0,9000.0,-7.867,41.215,632,632
633,5.0,12500.0,8500.0,-7.867,41.21,633,633
634,5.0,12500.0,8000.0,-7.867,41.206,634,634
635,5.0,12500.0,7500.0,-7.867,41.201,635,635
636,5.0,12500.0,7000.0,-7.867,41.197,636,636
637,4.0,12500.0,6500.0,-7.867,41.192,637,637
638,3.0,12500.0,6000.0,-7.867,41.188,638,638
639,3.0,12500.0,5500.0,-7.867,41.183,639,639
640,4.0,12500.0,5000.0,-7.867,41.179,640,640
641,3.0,12500.0,4500.0,-7.867,41.174,641,641
642,4.0,12500.0,4000.0,-7.867,41.17,642,642
643,3.0,12500.0,3500.0,-7.867,41.165,643,643
644,,12500.0,3000.0,-7.867,41.161,644,644
645,2.0,12500.0,2500.0,-7.867,41.156,645,645
646,3.0,12500.0,2000.0,-7.867,41.152,646,646
647,3.0,12500.0,1500.0,-7.867,41.147,647,647
648,5.0,12500.0,1000.0,-7.867,41.143,648,648
649,3.0,12500.0,500.0,-7.867,41.138,649,649
650,3.0,12500.0,0.0,-7.867,41.134,650,650
651,5.0,13000.0,12000.0,-7.861,41.242,651,651
652,4.0,13000.0,11500.0,-7.861,41.237,652,652
653,5.0,13000.0,11000.0,-7.861,41.233,653,653
654,5.0,13000.0,10500.0,-7.861,41.228,654,654
655,5.0,13000.0,10000.0,-7.861,41.224,655,655
656,5.0,13000.0,9500.0,-7.861,41.219,656,656
657,3.0,13000.0,9000.0,-7.861,41.215,657,657
658,3.0,13000.0,8500.0,-7.861,41.21,658,658
659,3.0,13000.0,8000.0,-7.861,41.206,659,659
660,5.0,13000.0,7500.0,-7.861,41.201,660,660
661,4.0,13000.0,7000.0,-7.861,41.197,661,661
662,3.0,13000.0,6500.0,-7.861,41.192,662,662
663,5.0,13000.0,6000.0,-7.861,41.188,663,663
664,3.0,13000.0,5500.0,-7.861,41.183,664,664
665,3.0,13000.0,5000.0,-7.861,41.179,665,665
666,2.0,13000.0,4500.0,-7.861,41.174,666,666
667,3.0,13000.0,4000.0,-7.861,41.17,667,667
668,2.0,13000.0,3500.0,-7.861,41.165,668,668
669,,13000.0,3000.0,-7.861,41.161,669,669
670,3.0,13000.0,2500.0,-7.861,41.156,670,670
671,3.0,13000.0,2000.0,-7.861,41.152,671,671
672,3.0,13000.0,1500.0,-7.861,41.147,672,672
673,4.0,13000.0,1000.0,-7.861,41.143,673,673
674,5.0,13000.0,500.0,-7.861,41.138,674,674
675,5.0,13000.0,0.0,-7.861,41.134,675,675
676,4.0,13500.0,12000.0,-7.855,41.242,676,676
677,3.0,13500.0,11500.0,-7.855,41.237,677,677
678,5.0,13500.0,11000.0,-7.855,41.233,678,678
679,5.0,13500.0,10500.0,-7.855,41.228,679,679
680,5.0,13500.0,10000.0,-7.855,41.224,680,680
681,5.0,13500.0,9500.0,-7.855,41.219,681,681
682,5.0,13500.0,9000.0,-7.855,41.215,682,682
683,3.0,13500.0,8500.0,-7.855,41.21,683,683
684,3.0,13500.0,8000.0,-7.855,41.206,684,684
685,3.0,13500.0,7500.0,-7.855,41.201,685,685
686,2.0,13500.0,7000.0,-7.855,41.197,686,686
687,2.0,13500.0,6500.0,-7.855,41.192,687,687
688,3.0,13500.0,6000.0,-7.855,41.188,688,688
689,3.0,13500.0,5500.0,-7.855,41.183,689,689
690,3.0,13500.0,5000.0,-7.855,41.179,690,690
691,3.0,13500.0,4500.0,-7.855,41.174,691,691
692,3.0,13500.0,4000.0,-7.855,41.17,692,692
693,3.0,13500.0,3500.0,-7.855,41.165,693,693
694,,13500.0,3000.0,-7.855,41.161,694,694
695,2.0,13500.0,2500.0,-7.855,41.156,695,695
696,3.0,13500.0,2000.0,-7.855,41.152,696,696
697,1.0,13500.0,1500.0,-7.855,41.147,697,697
698,,13500.0,1000.0,-7.855,41.143,698,698
699,5.0,13500.0,500.0,-7.855,41.138,699,699
700,5.0,13500.0,0.0,-7.855,41.134,700,700
701,4.0,14000.0,12000.0,-7.849,41.242,701,701
702,4.0,14000.0,11500.0,-7.849,41.237,702,702
703,4.0,14000.0,11000.0,-7.849,41.233,703,703
704,4.0,14000.0,10500.0,-7.849,41.228,704,704
705,,14000.0,10000.0,-7.849,41.224,705,705
706,3.0,14000.0,9500.0,-7.849,41.219,706,706
707,4.0,14000.0,9000.0,-7.849,41.215,707,707
708,2.0,14000.0,8500.0,-7.849,41.21,708,708
709,2.0,14000.0,8000.0,-7.849,41.206,709,709
710,3.0,14000.0,7500.0,-7.849,41.201,710,710
711,3.0,14000.0,7000.0,-7.849,41.197,711,711
712,3.0,14000.0,6500.0,-7.849,41.192,712,712
713,3.0,14000.0,6000.0,-7.849,41.188,713,713
714,3.0,14000.0,5500.0,-7.849,41.183,714,714
715,2.0,14000.0,5000.0,-7.849,41.179,715,715
716,3.0,14000.0,4500.0,-7.849,41.174,716,716
717,2.0,14000.0,4000.0,-7.849,41.17,717,717
718,3.0,14000.0,3500.0,-7.849,41.165,718,718
719,3.0,14000.0,3000.0,-7.849,41.161,719,719
720,2.0,14000.0,2500.0,-7.849,41.156,720,720
721,3.0,14000.0,2000.0,-7.849,41.151,721,721
722,3.0,14000.0,1500.0,-7.849,41.147,722,722
723,3.0,14000.0,1000.0,-7.849,41.142,723,723
724,3.0,14000.0,500.0,-7.849,41.138,724,724
725,5.0,14000.0,0.0,-7.849,41.133,725,725
726,4.0,14500.0,12000.0,-7.843,41.242,726,726
727,5.0,14500.0,11500.0,-7.843,41.237,727,727
728,4.0,14500.0,11000.0,-7.843,41.233,728,728
729,4.0,14500.0,10500.0,-7.843,41.228,729,729
730,4.0,14500.0,10000.0,-7.843,41.224,730,730
731,3.0,14500.0,9500.0,-7.843,41.219,731,731
732,3.0,14500.0,9000.0,-7.843,41.215,732,732
733,2.0,14500.0,8500.0,-7.843,41.21,733,733
734,3.0,14500.0,8000.0,-7.843,41.206,734,734
735,3.0,14500.0,7500.0,-7.843,41.201,735,735
736,3.0,14500.0,7000.0,-7.843,41.197,736,736
737,3.0,14500.0,6500.0,-7.843,41.192,737,737
738,3.0,14500.0,6000.0,-7.843,41.187,738,738
739,2.0,14500.0,5500.0,-7.843,41.183,739,739
740,4.0,14500.0,5000.0,-7.843,41.178,740,740
741,3.0,14500.0,4500.0,-7.843,41.174,741,741
742,3.0,14500.0,4000.0,-7.843,41.169,742,742
743,3.0,14500.0,3500.0,-7.843,41.165,743,743
744,2.0,14500.0,3000.0,-7.843,41.16,744,744
745,3.0,14500.0,2500.0,-7.843,41.156,745,745
746,3.0,14500.0,2000.0,-7.843,41.151,746,746
747,3.0,14500.0,1500.0,-7.843,41.147,747,747
748,4.0,14500.0,1000.0,-7.843,41.142,748,748
749,5.0,14500.0,500.0,-7.843,41.138,749,749
750,5.0,14500.0,0.0,-7.843,41.133,750,750
751,5.0,15000.0,12000.0,-7.837,41.242,751,751
752,5.0,15000.0,11500.0,-7.837,41.237,752,752
753,5.0,15000.0,11000.0,-7.837,41.233,753,753
754,3.0,15000.0,10500.0,-7.837,41.228,754,754
755,3.0,15000.0,10000.0,-7.837,41.224,755,755
756,3.0,15000.0,9500.0,-7.837,41.219,756,756
757,3.0,15000.0,9000.0,-7.837,41.214,757,757
758,2.0,15000.0,8500.0,-7.837,41.21,758,758
759,3.0,15000.0,8000.0,-7.837,41.205,759,759
760,3.0,15000.0,7500.0,-7.837,41.201,760,760
761,,15000.0,7000.0,-7.837,41.196,761,761
762,3.0,15000.0,6500.0,-7.837,41.192,762,762
763,4.0,15000.0,6000.0,-7.837,41.187,763,763
764,4.0,15000.0,5500.0,-7.837,41.183,764,764
765,4.0,15000.0,5000.0,-7.837,41.178,765,765
766,4.0,15000.0,4500.0,-7.837,41.174,766,766
767,3.0,15000.0,4000.0,-7.837,41.169,767,767
768,3.0,15000.0,3500.0,-7.837,41.165,768,768
769,3.0,15000.0,3000.0,-7.837,41.16,769,769
770,3.0,15000.0,2500.0,-7.837,41.156,770,770
771,,15000.0,2000.0,-7.837,41.151,771,771
772,3.0,15000.0,1500.0,-7.837,41.147,772,772
773,3.0,15000.0,1000.0,-7.837,41.142,773,773
774,5.0,15000.0,500.0,-7.837,41.138,774,774
775,4.0,15000.0,0.0,-7.837,41.133,775,775
776,5.0,15500.0,12000.0,-7.831,41.241,776,776
777,5.0,15500.0,11500.0,-7.831,41.237,777,777
778,4.0,15500.0,11000.0,-7.831,41.232,778,778
779,3.0,15500.0,10500.0,-7.831,41.228,779,779
780,4.0,15500.0,10000.0,-7.831,41.223,780,780
781,4.0,15500.0,9500.0,-7.831,41.219,781,781
782,2.0,15500.0,9000.0,-7.831,41.214,782,782
783,3.0,15500.0,8500.0,-7.831,41.21,783,783
784,5.0,15500.0,8000.0,-7.831,41.205,784,784
785,3.0,15500.0,7500.0,-7.831,41.201,785,785
786,3.0,15500.0,7000.0,-7.831,41.196,786,786
787,3.0,15500.0,6500.0,-7.831,41.192,787,787
788,5.0,15500.0,6000.0,-7.831,41.187,788,788
789,4.0,15500.0,5500.0,-7.831,41.183,789,789
790,2.0,15500.0,5000.0,-7.831,41.178,790,790
791,3.0,15500.0,4500.0,-7.831,41.174,791,791
792,4.0,15500.0,4000.0,-7.831,41.169,792,792
793,3.0,15500.0,3500.0,-7.831,41.165,793,793
794,3.0,15500.0,3000.0,-7.831,41.16,794,794
795,,15500.0,2500.0,-7.831,41.156,795,795
796,3.0,15500.0,2000.0,-7.831,41.151,796,796
797,3.0,15500.0,1500.0,-7.831,41.147,797,797
798,3.0,15500.0,1000.0,-7.831,41.142,798,798
799,5.0,15500.0,500.0,-7.832,41.138,799,799
800,5.0,15500.0,0.0,-7.832,41.133,800,800
801,5.0,16000.0,12000.0,-7.825,41.241,801,801
802,5.0,16000.0,11500.0,-7.825,41.237,802,802
803,4.0,16000.0,11000.0,-7.825,41.232,803,803
804,3.0,16000.0,10500.0,-7.825,41.228,804,804
805,3.0,16000.0,10000.0,-7.825,41.223,805,805
806,3.0,16000.0,9500.0,-7.825,41.219,806,806
807,4.0,16000.0,9000.0,-7.825,41.214,807,807
808,4.0,16000.0,8500.0,-7.825,41.21,808,808
809,3.0,16000.0,8000.0,-7.825,41.205,809,809
810,3.0,16000.0,7500.0,-7.825,41.201,810,810
811,3.0,16000.0,7000.0,-7.825,41.196,811,811
812,4.0,16000.0,6500.0,-7.825,41.192,812,812
813,5.0,16000.0,6000.0,-7.825,41.187,813,813
814,4.0,16000.0,5500.0,-7.825,41.183,814,814
815,3.0,16000.0,5000.0,-7.825,41.178,815,815
816,3.0,16000.0,4500.0,-7.825,41.174,816,816
817,3.0,16000.0,4000.0,-7.825,41.169,817,817
818,3.0,16000.0,3500.0,-7.825,41.165,818,818
819,2.0,16000.0,3000.0,-7.825,41.16,819,819
820,3.0,16000.0,2500.0,-7.825,41.156,820,820
821,,16000.0,2000.0,-7.825,41.151,821,821
822,3.0,16000.0,1500.0,-7.826,41.147,822,822
823,3.0,16000.0,1000.0,-7.826,41.142,823,823
824,3.0,16000.0,500.0,-7.826,41.138,824,824
825,5.0,16000.0,0.0,-7.826,41.133,825,825
